Supplier_ID,Supplier_Name,Email,phone_number,Address
1,ABC Suppliers,contact@abc.com,1234567890,123 Elm Street
2,XYZ Wholesale,info@xyz.com,9876543210,456 Oak Avenue
3,Global Imports,sales@global.com,5551234567,789 Maple Lane
4,Home Comforts,info@homecomforts.com,1122334455,100 Garden Lane
5,Office Pro,support@officepro.com,2233445566,200 Park Avenue
6,Tech Innovations,contact@techinnovations.com,3344556677,300 River Road
7,Gadget Central,sales@gadgetcentral.com,4455667788,400 Ocean Blvd
8,Superior Supplies,info@superiorsupplies.com,5566778899,500 Hilltop Drive
9,Obrien Group,donaldwilliams@example.net,+1-226-986-9334,"Unit 7474 Box 2541
DPO AP 38474"
10,"Hansen, Hart and Kim",william10@example.org,(707)934-6577,"063 Brown Park
Jacksonbury, CT 51686"
11,Hines-Weaver,cunninghammallory@example.org,+1-901-623-0291,"USNS Bridges
FPO AA 56338"
12,Byrd-Taylor,gloria27@example.net,+1-825-231-9726,"824 Delgado Stravenue Apt. 209
East Ryan, MN 66911"
13,"Richardson, Henry and Decker",sbrown@example.org,001-341-562-829,"93660 Lucas Passage
Kristenchester, MS 27619"
14,Perez Inc,vclark@example.org,559-467-3001x99,"5551 Christopher Place Suite 366
West Stephen, WA 22835"
15,Martin-Escobar,steven22@example.com,555-817-8069x13,"11401 Linda Square
Taylorshire, KY 83221"
16,Miller and Sons,carrie45@example.org,(365)217-2207x1,"9525 Butler Road Apt. 390
West Bailey, KS 60393"
17,Day-Murphy,emilynorton@example.net,899-899-3116x25,"19739 Alan Fork Apt. 153
Jeffreyberg, MI 44104"
18,"Thompson, Combs and Powell",erica14@example.com,414-862-9919x84,"PSC 8571, Box 2183
APO AE 81130"
19,Hines Group,clarkelijah@example.com,470-580-1743,"309 Ray Island
East Carriehaven, MS 41420"
20,"Smith, Hill and Mitchell",copelandstephanie@example.com,(358)916-8343x4,"523 Aguilar Neck Suite 527
North Richard, RI 90567"
21,Roberts-Byrd,erinyu@example.net,870.884.3334x40,"972 Sullivan Isle Suite 691
East Davidtown, KY 28349"
22,Fuentes LLC,randytaylor@example.com,001-265-552-352,"Unit 3455 Box 3747
DPO AE 44277"
23,Collins Ltd,alopez@example.org,860.633.6641,"825 Pittman River
Wileyfort, ND 87215"
24,Tran Inc,bking@example.net,+1-647-385-4578,"4210 Jessica Prairie
Hernandezton, RI 83248"
25,"Robinson, Evans and Glover",iyoung@example.net,463-789-8817x12,"Unit 2702 Box 9522
DPO AE 66354"
26,Copeland Group,calderonsierra@example.org,(376)511-6458,"006 Walker Vista Apt. 578
New Melissaburgh, OK 85823"
27,"Murphy, Sims and Bailey",anthonymcgee@example.org,304-321-8440x20,"94326 Emily Heights Apt. 769
New Cynthiaside, FM 44723"
28,Diaz-Martinez,zmarquez@example.com,+1-699-233-5192,"112 Anderson Summit Suite 519
Butlershire, PR 93730"
29,"Strickland, Willis and Soto",paustin@example.com,+1-851-510-0110,"PSC 6657, Box 7045
APO AE 97008"
30,Mccann and Sons,smithelizabeth@example.net,(674)319-0002,"5841 James Hills Apt. 870
North Meganchester, PW 21897"
31,Long LLC,ffrancis@example.com,001-834-254-587,"689 Laura Mall
Port Rhondastad, AS 29604"
32,"Landry, Farley and Hall",ffriedman@example.org,+1-520-366-0445,"369 Daniel Square Apt. 922
South Anna, ME 62727"
33,Harrington PLC,aguirrekathleen@example.net,(586)537-5512x7,"9796 Bruce Curve Apt. 715
Tonyaland, MO 67948"
34,"Smith, Rodriguez and Brown",laura93@example.net,817.408.9557x80,"99373 Peck Mountain
New Debbiefurt, NJ 92216"
35,"Coleman, Rodriguez and Moore",kim32@example.net,728.216.8353x36,"12559 Smith Cliff
Lake Davidstad, PW 28097"
36,Aguilar-Fox,leslie71@example.org,388.634.7758x20,"1255 Sanders Lakes
New April, HI 08755"
37,Kramer LLC,joshua53@example.org,+1-462-215-1325,"847 William Path
North Geraldborough, WA 34871"
38,Payne-Farmer,donna61@example.org,282.214.0934x78,"900 Tammie Spurs Suite 818
Lake Kevinview, DC 04282"
39,"Horton, Nelson and Becker",edwardsmark@example.com,001-818-514-063,"541 Toni Dam
Davidfurt, NY 76850"
40,"Bass, Valenzuela and Dunn",marshallkyle@example.com,(970)312-2521x1,"9047 Spears Ranch Suite 122
South Thomas, GU 98286"
41,Howard Ltd,bellrobert@example.com,001-663-958-226,"6439 Cooper Parkways
Greenton, MT 66942"
42,Hernandez-Garcia,richard44@example.org,(592)851-7161x3,"5657 Vanessa Radial
Lauraville, NV 77610"
43,Garcia Group,hayleybates@example.org,+1-640-452-8928,"94509 Sullivan Squares
East Kenneth, ID 12122"
44,"Lee, Reed and Wilson",drobinson@example.com,(946)593-7914,"053 Nguyen Trail
Oscarview, AL 78345"
45,Jacobson PLC,adrianmarshall@example.org,2983652040,"PSC 9917, Box 9672
APO AA 52054"
46,"Terry, Cardenas and Ford",gjensen@example.com,001-797-361-166,"3065 Nicole Underpass Apt. 869
Montesborough, KY 46606"
47,Paul-Bates,daniel84@example.com,357.766.8339x22,"099 Gary Glens Apt. 838
North John, MO 63551"
48,"Richards, Chambers and Knox",gregorydillon@example.net,298-902-6204x85,"4701 Armstrong Dam Suite 494
Lake Joshuastad, WI 90070"
49,Johnson-Campos,tuckerclaudia@example.net,291-476-5948x86,"0255 Lisa Vista
Bennettstad, CA 49980"
50,"Wilkinson, Walton and Thompson",klewis@example.org,+1-528-462-1275,"203 Brown Forges
East Travisbury, WI 05011"
51,Barton Inc,zachary42@example.org,296.412.1512x58,"027 Atkinson Harbor
Codyside, VI 72208"
52,"Brady, Reid and Townsend",bgardner@example.net,468-983-3089,"41012 Misty Inlet
Lake Justinmouth, OR 67626"
53,"Carpenter, Lawson and Avila",jenna78@example.org,+1-309-741-7462,"1284 Bean Light Suite 295
Suttonchester, CT 86021"
54,Hood-Gutierrez,luis21@example.net,(832)351-9582x4,"145 Christine Prairie Apt. 665
Kaiserfort, PA 57458"
55,"Campos, Anthony and Bender",jefferyguzman@example.org,619.243.3314x87,"46628 Amy Port Apt. 215
Kellerchester, WV 66433"
56,Yang-Shea,kimberlybrown@example.org,789-547-2275,"9031 Devin Fall Apt. 313
West Jamie, AK 02445"
57,"Graham, Willis and Sims",jasmine76@example.org,+1-475-449-2183,"5818 Johnson Springs
New Ryanfort, MO 71050"
58,Johnson and Sons,haydenmichelle@example.org,001-267-433-359,"465 Rachel Union
Trevorborough, NH 47018"
59,"Arnold, Scott and Mcgee",lucas51@example.net,(956)493-3380x5,"636 Travis Locks
North Beverly, CT 34572"
60,Bates PLC,pricedavid@example.org,543.692.7941,"143 Durham Estate
Tracyport, SC 42666"
61,"Owens, Anderson and Parker",popecharles@example.org,681-701-0436,"7646 Amanda Islands
Hansenton, MI 64250"
62,"Chavez, Carson and Reyes",vgeorge@example.org,+1-857-604-4631,"463 Jennifer Heights Apt. 266
Floresfurt, CA 15131"
63,"Hoffman, Clark and Wyatt",millerjennifer@example.com,(795)229-9965x2,"4162 Thompson Park
Yangshire, HI 80220"
64,Walker-Andrade,michael56@example.com,+1-974-672-7580,"Unit 4086 Box 3857
DPO AP 41476"
65,"Brooks, French and Hill",martinezjustin@example.org,001-855-309-163,"903 Jessica Way Suite 772
Mckinneyside, ND 97605"
66,Obrien-Rodriguez,qnewton@example.org,491.381.4598,"USNS Sheppard
FPO AP 85227"
67,Ross PLC,ariaserika@example.org,+1-802-801-1900,"554 Jim Way
New Linda, FL 92579"
68,Stevens Ltd,williamsjillian@example.net,222-597-0202,"68425 Reynolds Ways Apt. 948
East Thomas, ID 34931"
69,"Cooper, Hill and Knight",thomasmcintosh@example.net,803-842-5439,"483 Boyd Via
Leside, LA 72599"
70,Cox LLC,ojones@example.com,5098340329,"178 Alexa Drive
Cunninghamtown, AR 67062"
71,Green and Sons,harpermichael@example.net,+1-792-784-0758,"855 Tiffany Spur
Ramseyshire, KS 92599"
72,King Ltd,carrpamela@example.com,3586623035,"13106 Brenda Gardens Apt. 155
Rubioshire, WA 44893"
73,Johnson Inc,gsmith@example.org,001-640-786-008,"218 Maria Expressway Apt. 521
Meghanbury, CA 55037"
74,Martinez-Bridges,osmith@example.net,(697)502-3057,"54627 Roberts Gardens Apt. 005
Alanview, CO 45853"
75,Wright-Edwards,trevor98@example.com,+1-975-823-2180,"2414 John Cliff Apt. 510
Phamland, PR 00928"
76,Hunter-Lee,lindsay57@example.org,001-438-625-243,"Unit 2410 Box 2333
DPO AP 37270"
77,Smith-Lyons,cantrellgregory@example.org,001-689-307-420,"76100 Williams Turnpike Suite 652
East Stephen, FM 98498"
78,Freeman-Lawrence,angelahernandez@example.net,001-884-607-884,"84394 Veronica Shoals Suite 254
Jesseland, NC 89335"
79,"Jimenez, Smith and Jackson",lisa13@example.net,+1-810-947-2682,"6007 Elizabeth Ports Apt. 876
Port Jessicaside, WY 86018"
80,Morales-Turner,villarrealtimothy@example.com,(245)452-2848,"9147 Bradshaw Place Apt. 276
Loganfurt, TN 32532"
81,Watson and Sons,rebeccamcdonald@example.org,+1-883-284-6313,"444 Davis Parks Apt. 988
Thompsonmouth, PR 59199"
82,"Alvarez, Sanchez and Austin",vrivera@example.net,(947)208-8350x9,"Unit 0156 Box 2582
DPO AP 99131"
83,Wall and Sons,brittanyflowers@example.org,887.655.7883x39,"7604 Sims Street Apt. 336
Martinfort, SD 31803"
84,"Valenzuela, King and Powers",amandatucker@example.org,+1-816-819-7043,"Unit 5099 Box 6525
DPO AP 98545"
85,Miller-Armstrong,jimmybaker@example.net,697-391-9211x25,"6894 David Creek Suite 124
Lake Kenneth, UT 40629"
86,"Estrada, Hernandez and Ward",cmelton@example.org,5239409939,"750 Edwin Via Apt. 878
New Reginastad, MI 52741"
87,"Mendoza, Meyers and Moran",david13@example.org,581-882-2476,"18643 Ramos Garden
Melindastad, MT 76403"
88,Andrews Group,watsonmaurice@example.com,208-906-4253,"866 Lauren Pine
Michaelport, KS 73736"
89,"Alvarez, Smith and Smith",millerchristina@example.net,(744)987-6253,"7043 Herrera Villages
Kellerberg, MI 20637"
90,Meza-Benjamin,tblack@example.net,(312)686-5443x2,"Unit 7516 Box 4262
DPO AP 03183"
91,Love-Mcpherson,hinesanthony@example.net,5276989246,"500 Scott Mews
Elizabethbury, KY 75571"
92,Cooper and Sons,ymcdonald@example.org,+1-651-565-2762,"0680 James Dam
Rhodestown, NE 54423"
93,Lowery PLC,xmoore@example.com,708-753-1895x59,"PSC 9766, Box 3314
APO AA 98300"
94,Ortiz-Mcdaniel,robert07@example.org,(755)577-8681,"1952 Gilbert Forges Apt. 182
West Anne, PA 41919"
95,Hickman-Alexander,michaeldougherty@example.net,+1-351-623-1812,"8477 Amanda Burg Suite 274
Port Charles, AK 69007"
96,Blair PLC,wolfemichael@example.com,+1-617-695-1177,"2645 Ashley Walk Apt. 381
Maxwellport, ID 69404"
97,Johnson Inc,carpentersamantha@example.org,001-901-714-308,"68086 Mays Park Suite 165
Jerrytown, AR 85537"
98,"Newton, Shaw and Mcdonald",tracy92@example.com,(442)556-2521x0,"53450 Howe Stream Suite 036
South Christina, AK 73698"
99,Roberson-Rodriguez,david32@example.org,+1-415-740-4353,"Unit 7953 Box 8614
DPO AA 51355"
100,Alexander-Herman,gonzaleskristen@example.org,9082152287,"6707 Green Cape Suite 326
Derekside, WY 36214"
101,Willis PLC,jeremiahnavarro@example.org,517-545-9865,"9242 Williams Walks
Chavezstad, NV 87039"
102,Harrison LLC,nancyatkins@example.net,(868)644-3586x2,"00596 Sarah Mall
North Elizabeth, SD 49766"
103,"Rodgers, Jones and Hill",lbeck@example.net,(985)949-7325x5,"524 Patricia Park
Port Charlesbury, SC 40898"
104,Guerra-Davis,sloansuzanne@example.com,(240)477-8912x2,"003 Griffin Inlet Suite 775
New Victorchester, AZ 51745"
105,"Hoover, Villarreal and James",housesarah@example.org,7462335634,"Unit 2819 Box 2737
DPO AP 24028"
106,Morgan-Robbins,mary93@example.net,891.800.4447x82,"92042 Justin Hills
Whitechester, VA 67831"
107,Stewart-Porter,hperez@example.org,(775)632-9483,"USNV Reid
FPO AP 90834"
108,"Garcia, Gonzalez and Bradshaw",otodd@example.com,412-971-0647,"5263 Holmes Springs
Lake Brianna, KS 44280"
109,Nguyen PLC,jacob52@example.net,245.912.5767x71,"548 Mitchell Plaza
North Sean, IL 12243"
110,Giles-Davis,palmertimothy@example.net,988.827.7791x02,"2512 Hall Passage Suite 320
South Coreyland, MS 24891"
111,"Garcia, Conner and Martin",peterwatson@example.org,441.836.1939,"62465 Clarke Ports
New Vincent, KS 02785"
112,"Solis, Smith and Williams",barbara19@example.org,935-654-1407,"916 Tracy Court
Sarahfort, MO 04705"
113,Adams LLC,joseph58@example.net,524.463.0463,"063 Murray Ramp Suite 976
Lake Allenview, MN 52283"
114,"Evans, Sosa and Wilson",christophergrant@example.com,(792)337-4876x2,"Unit 7729 Box 1592
DPO AE 03230"
115,Cobb Ltd,danielleortiz@example.net,(402)438-1933,"4565 Romero Route
Meganmouth, PR 66256"
116,Navarro-Berry,npatel@example.com,397.777.2447,"5784 David Station
North Steventown, OK 12891"
117,"Harper, Chan and Erickson",mary16@example.net,(876)776-6540x1,"25362 Gonzalez Station
Mcfarlandchester, AZ 42929"
118,"Young, Ortiz and Weiss",chelseajackson@example.org,001-689-597-413,"Unit 4626 Box 5647
DPO AE 68903"
119,Stevenson Group,byrdwilliam@example.net,001-878-400-195,"93050 Mejia Spurs
North Christopherport, PA 78495"
120,Green-Singleton,markcohen@example.com,001-840-562-558,"638 Aaron Canyon
West Timothy, OH 34749"
121,Woodward-Pierce,udavidson@example.com,+1-941-265-6385,"9502 Cameron Inlet Suite 859
Nelsonshire, NH 95972"
122,"Matthews, Paul and Montoya",dsantiago@example.com,428.430.6524x21,"253 Michael Throughway
Brownchester, MI 14971"
123,Taylor LLC,elijahguerrero@example.net,(861)642-8743,"PSC 8515, Box 4926
APO AE 82993"
124,Smith Ltd,samuelwright@example.net,(490)485-6630x6,"6463 Jeremy Corners Suite 728
Lake Matthewstad, MI 12048"
125,"Lowe, Morrison and Morales",staceywalker@example.net,(896)787-0026x7,"311 James Harbors Suite 402
Bradfordshire, AK 65466"
126,Cooper Ltd,david84@example.net,6927018828,"8287 Coleman Junctions
East Isaiahfurt, KY 43453"
127,Ross Group,melissa22@example.net,001-957-952-361,"22735 Christopher Corner
North Staceybury, AS 46759"
128,"Johnson, Reyes and Blanchard",xcarpenter@example.org,001-930-580-442,"275 Nelson Street Apt. 145
South Allisonberg, NY 37000"
129,Clayton Ltd,sherylrussell@example.net,896.415.1362,"45146 Kelsey Mountain
Sarahport, NV 23354"
130,Lin-Freeman,stephanie16@example.com,(905)653-3523x9,"193 Evans Greens
South Rebeccaberg, OR 75243"
131,Murphy PLC,april36@example.org,394.260.7997x92,"0454 Paul Road Apt. 129
Veronicaside, GA 76401"
132,"Jackson, Taylor and Gutierrez",ryanoliver@example.com,+1-660-846-1608,"3315 Matthew Land
Tylerfort, OK 07425"
133,"Spencer, Howell and Cox",zacharybarnett@example.org,963-279-1645,"11971 Kimberly Land Suite 326
Cherylhaven, UT 68671"
134,Bartlett-Bartlett,nwest@example.org,298.514.0595x61,"76613 Monique Land
Sanchezburgh, ND 68720"
135,Rodgers PLC,kyle50@example.net,680-794-2406x64,"498 Stone Rapids
Jeromeland, WY 65353"
136,"Holmes, Norris and Cook",andreahill@example.net,(657)262-3050x4,"31525 Odonnell Gateway Apt. 097
Jacksonchester, PR 80193"
137,Cobb-Williams,travis74@example.net,310.859.9137x97,"59924 Cook Stream
Keithport, PA 92722"
138,Weaver-Bell,wendy95@example.com,(933)258-9483,"5671 Jensen Field
South Thomasborough, FM 76271"
139,"Burgess, Jordan and Mcdonald",nbaker@example.com,001-716-699-463,"28048 Morris Springs Suite 049
South Julieville, AZ 18601"
140,Dunn Group,nicole22@example.com,978.510.5148x17,"85410 Martin Ville
East Dawn, NH 03655"
141,Hahn Inc,rogersanthony@example.net,635-247-5334x47,"733 Conner Ways Apt. 528
Lake Meganstad, PW 15550"
142,Schroeder-Wang,sheliahanson@example.org,208-983-4012x62,"186 Adam Fort Suite 879
North Madison, OR 13242"
143,"Ward, Fuller and Young",sylviacummings@example.com,(565)983-6696x2,"20284 Roberts Mountain
Jeffshire, CT 91267"
144,"Parker, Weeks and Singh",lopezdennis@example.com,382-828-5068x73,"16602 Gomez Park Suite 469
Halltown, NH 02374"
145,Skinner-Johnson,uclark@example.net,001-936-719-606,"0919 Wood Pines Apt. 908
Keithborough, UT 54565"
146,Lewis-Murphy,randrews@example.org,410.957.4932x03,"60843 Erica Fields Apt. 895
Loganbury, RI 08533"
147,Scott Inc,iwhite@example.org,241.307.9993,"0919 Nunez Plaza
Robertmouth, OH 39623"
148,"Sullivan, Johnson and Garcia",theresathornton@example.org,(705)944-4949x7,"876 Brady Well Apt. 061
West Brianland, MD 83020"
149,Davis Inc,hawkinsrachel@example.net,(702)783-2345,"97380 James Junctions
West Emily, RI 25093"
150,Wagner Inc,smithelizabeth@example.net,001-800-942-634,"8704 Laura Hills Suite 397
Maynardfurt, AR 80698"
151,Perry PLC,smurphy@example.org,860.732.2633,"239 Krystal Valleys Suite 345
Simsberg, MS 72880"
152,"Morse, Diaz and Andrews",evanskayla@example.net,793-468-6590x34,"6053 Shannon Rest Suite 027
Coxtown, CA 77168"
153,Reilly-Schmidt,fmartin@example.net,938-675-8908,"194 Chavez Haven
Kentport, KS 50193"
154,Guerra-Mendez,jamesgriffin@example.net,358.832.4102,"88852 Cox Neck
Christopherburgh, DC 29824"
155,Valenzuela Group,jdavila@example.net,001-202-820-164,"56620 Shaw Falls
Jessicaland, SC 70352"
156,"Sellers, George and Johnson",kristindavis@example.org,609-251-6494,"436 Smith Brooks Suite 632
South Kevinmouth, MS 27234"
157,Mcfarland-Schmitt,apeterson@example.org,242-930-9483x29,"7073 Wright Mountain Suite 861
Harrisonmouth, VT 86187"
158,Richards-Cooper,carrlori@example.net,001-526-544-584,"955 Stephen Dale Suite 316
Kristenmouth, IN 11675"
159,Rivas Inc,ruizjody@example.com,293-734-8835,"29320 Rogers Trail Apt. 437
Morenoville, CO 68545"
160,"Johnson, Watts and Hunt",lisa61@example.org,329-438-0388x49,"PSC 5084, Box 2728
APO AE 65218"
161,Gonzales-Hernandez,cbell@example.org,+1-365-972-8769,"9951 Friedman Garden Suite 526
Annaport, RI 89756"
162,Davis-Guerrero,thompsonalexander@example.com,976-465-2690x93,"PSC 1692, Box 4959
APO AE 02865"
163,Taylor-Lawson,perryparks@example.com,392.258.7455x02,"150 Holmes Loop Suite 461
Allisonstad, MO 11387"
164,"Harrell, Johnson and Guerrero",tracybaker@example.net,001-958-510-087,"45772 Burke Extension
Kylemouth, ND 96441"
165,Rice Group,tbutler@example.org,(216)386-2575,"Unit 9191 Box 4937
DPO AP 58103"
166,"Roth, Foster and Orr",goodmanlinda@example.org,337.900.6602x97,"5506 William Glen
Thompsonchester, VT 51271"
167,Sanders-Armstrong,eshort@example.com,(676)597-2091,"1777 Melissa Canyon
Port Michaelshire, KS 62056"
168,Cole Group,russell78@example.org,(630)433-1826x1,"4655 Jones Crossroad
Brayland, OK 23114"
169,Daniels Inc,jesusfischer@example.net,9875799134,"921 Carter Stream Apt. 907
East Diane, FL 90356"
170,Holloway-Martinez,paulamanning@example.net,(706)216-9047x0,"3312 Kennedy Cliff Apt. 264
Rachelside, LA 08741"
171,Harvey-Harrell,stevenrussell@example.org,754.640.2043x08,"430 Gibson Club
Port Angelabury, NV 14199"
172,Hudson LLC,johnlewis@example.net,675-959-5067,"87563 Stewart Via Suite 591
Lake Christopherville, SC 26175"
173,Wiley-Miller,morenomary@example.com,001-533-341-007,"USNV Sandoval
FPO AP 63962"
174,Macias-Ayers,john14@example.com,+1-490-297-0853,"271 Cummings Prairie
East Gregory, AS 03903"
175,Collins PLC,kelly44@example.com,824-506-9091x88,"81278 Young Fort Suite 391
Nelsonville, ID 41677"
176,"Turner, Reynolds and Yates",williamsjamie@example.org,843.999.9975x03,"93907 Washington Plaza Apt. 466
West John, AZ 70405"
177,Moss Inc,andrea69@example.com,(348)933-8523x6,"17882 Traci Forks Suite 509
Hoganville, OK 94286"
178,"Lewis, Martin and Richardson",ronaldnash@example.com,(850)811-9561,"2614 Taylor Walks Suite 469
Russellport, PA 98906"
179,Rangel-Hughes,escobaramanda@example.net,353-434-2153x53,"6469 Karen Lights Apt. 773
Port Karenborough, FM 75089"
180,Ferguson-Williams,kedwards@example.org,933.472.9471x24,"1610 Terry Harbors Suite 834
Claytontown, CA 33627"
181,Frye-Sanchez,sandovalkrystal@example.net,(537)702-9200,"PSC 3416, Box 7805
APO AA 33341"
182,"Bolton, Joseph and Carney",tammynguyen@example.net,273-549-8289,"3921 Diaz Ville
West Jenniferton, NE 16555"
183,"Guerrero, Herman and Harris",stephanie67@example.net,(338)359-5137x6,"817 Anderson Glens
West Cassandra, SD 81942"
184,Mendez Group,dbeasley@example.org,(515)907-8477,"839 Allison Forges
Harryville, IL 72032"
185,Heath-Carroll,robertbishop@example.org,001-502-752-798,"3693 Janice Ridge Suite 640
Bryceburgh, UT 85303"
186,Ward-Smith,wallerbrian@example.net,+1-804-282-4559,"569 Tran Rest Suite 927
Weaverport, MD 87735"
187,Marshall Ltd,josephsingh@example.org,915-627-2817x48,"41275 Schmidt Shores Suite 808
Port Jessica, CA 75615"
188,"Lee, Garrett and Rivera",john41@example.net,+1-385-920-1526,"67622 Angela Summit
West Paulafurt, GU 20764"
189,Williams-Brooks,matthew56@example.org,570.526.7621x44,"63699 George Spurs Apt. 760
Lake Brittney, MT 41834"
190,"Reynolds, Miller and Williams",ncochran@example.org,+1-507-371-6626,"265 Moss Crossroad Apt. 893
Cranefurt, MA 14962"
191,"Herrera, Davis and Brooks",qkhan@example.org,+1-381-403-1470,"USNV Salas
FPO AP 85162"
192,Marshall Inc,imccormick@example.net,502-617-7837x13,"929 Garcia Island Apt. 358
Port Christineburgh, IA 86048"
193,"Adams, Hernandez and Hampton",christina98@example.net,7939595441,"511 Gross Lakes
Howardmouth, RI 34927"
194,Mendoza-Hickman,leesamantha@example.org,(248)377-8731,"751 Arnold Forges Apt. 587
Paultown, CO 38440"
195,"Potts, Booker and Murphy",annawalsh@example.com,(539)427-5101x6,"5320 Alexander Path
Fordfort, MN 36772"
196,Delgado and Sons,ghenderson@example.net,685.613.7795x66,"52185 Melissa Motorway
Lake Jeremiah, NM 64554"
197,Evans LLC,erinsantos@example.com,323-325-5045x06,"02827 Michael Spurs Apt. 497
New Kimmouth, AK 00784"
198,Myers PLC,kenneth50@example.net,(925)932-9831x3,"90729 Troy Station
Ricardoton, NY 73371"
199,Higgins PLC,robinsonlisa@example.net,001-845-708-145,"Unit 1112 Box 6142
DPO AE 49697"
200,"Boyd, Young and Johnson",rsoto@example.net,5447632091,"40463 Laurie Gardens
Nguyenside, NE 14805"
201,"Rodriguez, Campbell and Collins",brookswilliam@example.net,(607)830-7150,"4063 Hannah Rest Suite 811
South Yvonne, NC 24289"
202,Webster Group,vincentmorton@example.com,(606)623-4928x2,"70865 Peck Alley
Rojasstad, CO 75977"
203,Hill-Foster,jenniferlawrence@example.org,+1-216-733-8369,"Unit 4985 Box 7907
DPO AP 23025"
204,Shepherd-Shepard,mason77@example.com,(977)596-0622x1,"453 Huynh Turnpike Apt. 733
Darrellchester, MP 20721"
205,"Gibbs, Wang and Keller",zsmith@example.com,8222911518,"USS Robles
FPO AA 92384"
206,"Walker, Harris and Nguyen",ilowe@example.org,844-884-0112,"898 Phillip Dam Apt. 734
West Paultown, IA 37859"
207,"Blevins, Barron and Munoz",josephmiller@example.com,+1-594-218-0341,"9436 Rivera Courts Suite 627
Lake Willie, VT 43459"
208,"James, Lang and Gordon",teresamcdowell@example.com,001-866-529-711,"693 Lee Islands Apt. 670
Brucefort, PA 19202"
209,"Torres, Barnett and Griffith",vmorton@example.org,826-949-0681x44,"530 Angela Port Suite 850
Mccallport, PR 62123"
210,Walker PLC,johnsonphilip@example.com,+1-439-404-8284,"766 Reyes Flats
Kennethmouth, DC 33065"
211,Martinez-Boyd,santiagochad@example.net,+1-958-918-4569,"23236 James Extension Apt. 580
Garrettborough, CO 68034"
212,Dawson Group,qwolf@example.net,001-422-521-239,"7960 Bernard Mill Apt. 106
South Sarahburgh, LA 40339"
213,Henry-Bell,mmckinney@example.com,470-546-1167x02,"USS Fisher
FPO AE 74617"
214,Hickman-Bishop,cshaw@example.com,545-408-1043x10,"927 Montes Cliff
New Michaelhaven, HI 29899"
215,Davis Inc,xstone@example.org,+1-664-302-2689,"2914 Garcia Vista
Kevinport, VA 19495"
216,Best-Craig,janet02@example.com,376.987.0947,"12052 Christine Fort
Nelsonmouth, SD 02992"
217,Cervantes Group,martinjacob@example.net,867.334.5371x92,"08680 Tabitha Circles Suite 674
East Mary, ME 64415"
218,Ortiz-Walton,gregorycarrie@example.net,257-936-9703,"05509 Gutierrez Streets
Caitlinhaven, MA 96520"
219,Garza-Cochran,anthonysmith@example.com,(894)560-4803,"6389 Caitlin Pass
East Omarport, LA 78551"
220,Davis-Austin,jordanchen@example.org,537.569.7964,"469 Moreno Fall Apt. 497
Port Wendyborough, NM 97536"
221,Freeman-Morris,nstephenson@example.com,4978910841,"4433 Williams Lodge Apt. 084
North Maryton, TN 89000"
222,Snow and Sons,allen45@example.net,852.286.7004x30,"191 Campbell Junctions Suite 979
North Maria, GU 50758"
223,Bennett-Edwards,mariahryan@example.com,233-927-1347x47,"95481 Angela Canyon Suite 379
Harrisberg, WV 40706"
224,"Cabrera, Garner and Oconnor",davidperez@example.net,+1-723-553-1320,"0502 Kristine Place Apt. 712
Kennethland, CO 98065"
225,Ford and Sons,jeanette57@example.org,001-656-687-937,"424 Deborah Islands Suite 636
Michaelfurt, WA 20725"
226,Kaiser Group,ashley31@example.org,(958)682-2821,"702 James Mountain
West Mariamouth, DE 29667"
227,Williams LLC,wgoodwin@example.net,001-825-308-633,"64278 Samantha Junction Suite 261
Beckyburgh, KS 24424"
228,Patton-Harris,brianwilliams@example.com,233.715.4613x44,"04651 Wells Route Apt. 091
Phillipsburgh, AL 39911"
